{"status":true,"data":[{"codigo":3900163,"referencia":"013AP","finalidade":"Locação","tipo":"Apartamento","dormitorios":2,"suites":0,"banheiros":1,"garagem":1,"valor":"1800.00","cidade":"Belo Horizonte","estado":"MG","bairro":"Itapoã","logradouro":"Avenida Portugal","numero":"5425","lat":"-19.84200940","lng":"-43.96582740","thumb_url":"https://imgs1.cdn-imobibrasil.com.br/imagens/imoveis/202508221604142998.jpeg","imagens":["https://imgs1.cdn-imobibrasil.com.br/imagens/imoveis/202508221604142998.jpeg","https://imgs1.cdn-imobibrasil.com.br/imagens/imoveis/202508221604207451.jpeg","https://imgs1.cdn-imobibrasil.com.br/imagens/imoveis/202508221604202039.jpeg"]},{"codigo":3846231,"referencia":"052TE","finalidade":"Locação","tipo":"Área Privativa","dormitorios":3,"suites":1,"banheiros":2,"garagem":2,"valor":"3500.00","cidade":"Belo Horizonte","estado":"MG","bairro":"Itapoã","logradouro":"Rua General Ephigênio Ruas Santos","numero":"265","lat":"-19.84073910","lng":"-43.95621040","thumb_url":"https://imgs1.cdn-imobibrasil.com.br/imagens/imoveis/202507181153141843.jpeg","imagens":["https://imgs1.cdn-imobibrasil.com.br/imagens/imoveis/202507181153141843.jpeg","https://imgs1.cdn-imobibrasil.com.br/imagens/imoveis/202507181153149658.jpeg","https://imgs1.cdn-imobibrasil.com.br/imagens/imoveis/202507181153149538.jpeg"]},{"codigo":3897176,"referencia":"066CA","finalidade":"Venda","tipo":"Casa","dormitorios":3,"suites":3,"banheiros":4,"garagem":2,"valor":"1980000.00","cidade":"Nova Lima","estado":"MG","bairro":"Jardim Canadá","logradouro":"Holanda","numero":"36","lat":"-20.06036970","lng":"-43.97891510","thumb_url":"https://imgs1.cdn-imobibrasil.com.br/imagens/imoveis/202508210947339801.jpeg","imagens":["https://imgs1.cdn-imobibrasil.com.br/imagens/imoveis/202508210947339801.jpeg","https://imgs1.cdn-imobibrasil.com.br/imagens/imoveis/20250821094739967.jpeg","https://imgs1.cdn-imobibrasil.com.br/imagens/imoveis/202508210947397768.jpeg"]},{"codigo":3891313,"referencia":"065AP","finalidade":"Venda","tipo":"Área Privativa","dormitorios":3,"suites":0,"banheiros":1,"garagem":1,"valor":"445000.00","cidade":"Belo Horizonte","estado":"MG","bairro":"Santa Amélia","logradouro":"Rua Professor Clóvis de Faria","numero":"131","lat":"-19.84414770","lng":"-43.97394230","thumb_url":"https://imgs1.cdn-imobibrasil.com.br/imagens/imoveis/202508181006316576.jpeg","imagens":["https://imgs1.cdn-imobibrasil.com.br/imagens/imoveis/202508181006316576.jpeg","https://imgs1.cdn-imobibrasil.com.br/imagens/imoveis/202508181006339633.jpeg"]}]}